filename,width,height,class,xmin,ymin,xmax,ymax
image1.png,1336,1778,following,1059,121,1266,181
image1.png,1336,1778,following,1059,324,1266,384
image1.png,1336,1778,following,1057,502,1264,562
image1.png,1336,1778,following,1058,630,1265,690
image1.png,1336,1778,following,1058,835,1265,895
image1.png,1336,1778,following,1059,1076,1266,1136
image1.png,1336,1778,following,1058,1281,1265,1341
image1.png,1336,1778,following,1060,1486,1267,1546
image1.png,1336,1778,following,1058,1687,1265,1747
image2.png,1440,1422,following,1096,26,1300,89
image2.png,1440,1422,following,1096,841,1300,904
image2.png,1440,1422,following,1097,599,1301,662
image2.png,1440,1422,following,1098,394,1302,457
image2.png,1440,1422,following,1099,229,1303,292
image2.png,1440,1422,following,1098,1006,1302,1069
image2.png,1440,1422,following,1097,1211,1301,1274
image2.png,1440,1422,following,1095,1377,1303,1422
image3.png,1564,1550,following,1065,1244,1270,1306
image3.png,1564,1550,following,1066,1037,1271,1099
image3.png,1564,1550,following,1065,834,1270,896
image3.png,1564,1550,following,1063,630,1268,692
image3.png,1564,1550,following,1065,466,1270,528
image3.png,1564,1550,following,1066,261,1271,323
image3.png,1564,1550,following,1063,1410,1268,1472
image3.png,1564,1550,following,1066,93,1271,155
image4.png,1484,1538,following,1,718,47,814
image4.png,1484,1538,following,1095,1187,1298,1245
image4.png,1484,1538,following,1096,985,1299,1043
image4.png,1484,1538,following,1093,781,1296,839
image4.png,1484,1538,following,1096,614,1299,672
image4.png,1484,1538,following,1094,373,1297,431
image4.png,1484,1538,following,1095,1391,1298,1449
image4.png,1484,1538,following,1096,131,1299,189
