<annotation>
	<folder>images</folder>
	<filename>image5.png</filename>
	<path>images/image5.png</path>
	<source>
		<database>Unknown</database>
	</source>
	<size>
		<width>1372</width>
		<height>1766</height>
		<depth>3</depth>
	</size>
	<segmented>0</segmented>
	<object>
		<name>following</name>
		<pose>Unspecified</pose>
		<truncated>0</truncated>
		<difficult>0</difficult>
		<bndbox>
			<xmin>1050</xmin>
			<ymin>1507</ymin>
			<xmax>1261</xmax>
			<ymax>1571</ymax>
		</bndbox>
	</object>
	<object>
		<name>following</name>
		<pose>Unspecified</pose>
		<truncated>0</truncated>
		<difficult>0</difficult>
		<bndbox>
			<xmin>1054</xmin>
			<ymin>890</ymin>
			<xmax>1265</xmax>
			<ymax>954</ymax>
		</bndbox>
	</object>
	<object>
		<name>following</name>
		<pose>Unspecified</pose>
		<truncated>0</truncated>
		<difficult>0</difficult>
		<bndbox>
			<xmin>1051</xmin>
			<ymin>684</ymin>
			<xmax>1262</xmax>
			<ymax>748</ymax>
		</bndbox>
	</object>
	<object>
		<name>following</name>
		<pose>Unspecified</pose>
		<truncated>0</truncated>
		<difficult>0</difficult>
		<bndbox>
			<xmin>1051</xmin>
			<ymin>444</ymin>
			<xmax>1262</xmax>
			<ymax>508</ymax>
		</bndbox>
	</object>
	<object>
		<name>following</name>
		<pose>Unspecified</pose>
		<truncated>0</truncated>
		<difficult>0</difficult>
		<bndbox>
			<xmin>1048</xmin>
			<ymin>275</ymin>
			<xmax>1259</xmax>
			<ymax>339</ymax>
		</bndbox>
	</object>
	<object>
		<name>following</name>
		<pose>Unspecified</pose>
		<truncated>0</truncated>
		<difficult>0</difficult>
		<bndbox>
			<xmin>1052</xmin>
			<ymin>68</ymin>
			<xmax>1263</xmax>
			<ymax>132</ymax>
		</bndbox>
	</object>
	<object>
		<name>following</name>
		<pose>Unspecified</pose>
		<truncated>0</truncated>
		<difficult>0</difficult>
		<bndbox>
			<xmin>1054</xmin>
			<ymin>1265</ymin>
			<xmax>1265</xmax>
			<ymax>1329</ymax>
		</bndbox>
	</object>
	<object>
		<name>following</name>
		<pose>Unspecified</pose>
		<truncated>0</truncated>
		<difficult>0</difficult>
		<bndbox>
			<xmin>1053</xmin>
			<ymin>1061</ymin>
			<xmax>1264</xmax>
			<ymax>1125</ymax>
		</bndbox>
	</object>
</annotation>
