<annotation>
	<folder>images</folder>
	<filename>image2.png</filename>
	<path>image2.png</path>
	<source>
		<database>Unknown</database>
	</source>
	<size>
		<width>1440</width>
		<height>1422</height>
		<depth>3</depth>
	</size>
	<segmented>0</segmented>
	<object>
		<name>following</name>
		<pose>Unspecified</pose>
		<truncated>0</truncated>
		<difficult>0</difficult>
		<bndbox>
			<xmin>1094</xmin>
			<ymin>230</ymin>
			<xmax>1305</xmax>
			<ymax>289</ymax>
		</bndbox>
	</object>
	<object>
		<name>following</name>
		<pose>Unspecified</pose>
		<truncated>1</truncated>
		<difficult>0</difficult>
		<bndbox>
			<xmin>1087</xmin>
			<ymin>1377</ymin>
			<xmax>1308</xmax>
			<ymax>1422</ymax>
		</bndbox>
	</object>
	<object>
		<name>following</name>
		<pose>Unspecified</pose>
		<truncated>0</truncated>
		<difficult>0</difficult>
		<bndbox>
			<xmin>1094</xmin>
			<ymin>1212</ymin>
			<xmax>1305</xmax>
			<ymax>1271</ymax>
		</bndbox>
	</object>
	<object>
		<name>following</name>
		<pose>Unspecified</pose>
		<truncated>0</truncated>
		<difficult>0</difficult>
		<bndbox>
			<xmin>1094</xmin>
			<ymin>1008</ymin>
			<xmax>1305</xmax>
			<ymax>1067</ymax>
		</bndbox>
	</object>
	<object>
		<name>following</name>
		<pose>Unspecified</pose>
		<truncated>0</truncated>
		<difficult>0</difficult>
		<bndbox>
			<xmin>1093</xmin>
			<ymin>842</ymin>
			<xmax>1304</xmax>
			<ymax>901</ymax>
		</bndbox>
	</object>
	<object>
		<name>following</name>
		<pose>Unspecified</pose>
		<truncated>0</truncated>
		<difficult>0</difficult>
		<bndbox>
			<xmin>1091</xmin>
			<ymin>27</ymin>
			<xmax>1302</xmax>
			<ymax>86</ymax>
		</bndbox>
	</object>
	<object>
		<name>following</name>
		<pose>Unspecified</pose>
		<truncated>0</truncated>
		<difficult>0</difficult>
		<bndbox>
			<xmin>1094</xmin>
			<ymin>600</ymin>
			<xmax>1305</xmax>
			<ymax>659</ymax>
		</bndbox>
	</object>
	<object>
		<name>following</name>
		<pose>Unspecified</pose>
		<truncated>0</truncated>
		<difficult>0</difficult>
		<bndbox>
			<xmin>1093</xmin>
			<ymin>396</ymin>
			<xmax>1304</xmax>
			<ymax>455</ymax>
		</bndbox>
	</object>
</annotation>
