<annotation>
	<folder>images</folder>
	<filename>image3.png</filename>
	<path>image3.png</path>
	<source>
		<database>Unknown</database>
	</source>
	<size>
		<width>1564</width>
		<height>1550</height>
		<depth>3</depth>
	</size>
	<segmented>0</segmented>
	<object>
		<name>following</name>
		<pose>Unspecified</pose>
		<truncated>0</truncated>
		<difficult>0</difficult>
		<bndbox>
			<xmin>1065</xmin>
			<ymin>1244</ymin>
			<xmax>1270</xmax>
			<ymax>1306</ymax>
		</bndbox>
	</object>
	<object>
		<name>following</name>
		<pose>Unspecified</pose>
		<truncated>0</truncated>
		<difficult>0</difficult>
		<bndbox>
			<xmin>1066</xmin>
			<ymin>1037</ymin>
			<xmax>1271</xmax>
			<ymax>1099</ymax>
		</bndbox>
	</object>
	<object>
		<name>following</name>
		<pose>Unspecified</pose>
		<truncated>0</truncated>
		<difficult>0</difficult>
		<bndbox>
			<xmin>1065</xmin>
			<ymin>834</ymin>
			<xmax>1270</xmax>
			<ymax>896</ymax>
		</bndbox>
	</object>
	<object>
		<name>following</name>
		<pose>Unspecified</pose>
		<truncated>0</truncated>
		<difficult>0</difficult>
		<bndbox>
			<xmin>1063</xmin>
			<ymin>630</ymin>
			<xmax>1268</xmax>
			<ymax>692</ymax>
		</bndbox>
	</object>
	<object>
		<name>following</name>
		<pose>Unspecified</pose>
		<truncated>0</truncated>
		<difficult>0</difficult>
		<bndbox>
			<xmin>1065</xmin>
			<ymin>466</ymin>
			<xmax>1270</xmax>
			<ymax>528</ymax>
		</bndbox>
	</object>
	<object>
		<name>following</name>
		<pose>Unspecified</pose>
		<truncated>0</truncated>
		<difficult>0</difficult>
		<bndbox>
			<xmin>1066</xmin>
			<ymin>261</ymin>
			<xmax>1271</xmax>
			<ymax>323</ymax>
		</bndbox>
	</object>
	<object>
		<name>following</name>
		<pose>Unspecified</pose>
		<truncated>0</truncated>
		<difficult>0</difficult>
		<bndbox>
			<xmin>1063</xmin>
			<ymin>1410</ymin>
			<xmax>1268</xmax>
			<ymax>1472</ymax>
		</bndbox>
	</object>
	<object>
		<name>following</name>
		<pose>Unspecified</pose>
		<truncated>0</truncated>
		<difficult>0</difficult>
		<bndbox>
			<xmin>1066</xmin>
			<ymin>93</ymin>
			<xmax>1271</xmax>
			<ymax>155</ymax>
		</bndbox>
	</object>
</annotation>
