<annotation>
	<folder>images</folder>
	<filename>image1.png</filename>
	<path>image1.png</path>
	<source>
		<database>Unknown</database>
	</source>
	<size>
		<width>1336</width>
		<height>1778</height>
		<depth>3</depth>
	</size>
	<segmented>0</segmented>
	<object>
		<name>following</name>
		<pose>Unspecified</pose>
		<truncated>0</truncated>
		<difficult>0</difficult>
		<bndbox>
			<xmin>1059</xmin>
			<ymin>121</ymin>
			<xmax>1266</xmax>
			<ymax>181</ymax>
		</bndbox>
	</object>
	<object>
		<name>following</name>
		<pose>Unspecified</pose>
		<truncated>0</truncated>
		<difficult>0</difficult>
		<bndbox>
			<xmin>1059</xmin>
			<ymin>324</ymin>
			<xmax>1266</xmax>
			<ymax>384</ymax>
		</bndbox>
	</object>
	<object>
		<name>following</name>
		<pose>Unspecified</pose>
		<truncated>0</truncated>
		<difficult>0</difficult>
		<bndbox>
			<xmin>1057</xmin>
			<ymin>502</ymin>
			<xmax>1264</xmax>
			<ymax>562</ymax>
		</bndbox>
	</object>
	<object>
		<name>following</name>
		<pose>Unspecified</pose>
		<truncated>0</truncated>
		<difficult>0</difficult>
		<bndbox>
			<xmin>1058</xmin>
			<ymin>630</ymin>
			<xmax>1265</xmax>
			<ymax>690</ymax>
		</bndbox>
	</object>
	<object>
		<name>following</name>
		<pose>Unspecified</pose>
		<truncated>0</truncated>
		<difficult>0</difficult>
		<bndbox>
			<xmin>1058</xmin>
			<ymin>835</ymin>
			<xmax>1265</xmax>
			<ymax>895</ymax>
		</bndbox>
	</object>
	<object>
		<name>following</name>
		<pose>Unspecified</pose>
		<truncated>0</truncated>
		<difficult>0</difficult>
		<bndbox>
			<xmin>1059</xmin>
			<ymin>1076</ymin>
			<xmax>1266</xmax>
			<ymax>1136</ymax>
		</bndbox>
	</object>
	<object>
		<name>following</name>
		<pose>Unspecified</pose>
		<truncated>0</truncated>
		<difficult>0</difficult>
		<bndbox>
			<xmin>1058</xmin>
			<ymin>1281</ymin>
			<xmax>1265</xmax>
			<ymax>1341</ymax>
		</bndbox>
	</object>
	<object>
		<name>following</name>
		<pose>Unspecified</pose>
		<truncated>0</truncated>
		<difficult>0</difficult>
		<bndbox>
			<xmin>1060</xmin>
			<ymin>1486</ymin>
			<xmax>1267</xmax>
			<ymax>1546</ymax>
		</bndbox>
	</object>
	<object>
		<name>following</name>
		<pose>Unspecified</pose>
		<truncated>0</truncated>
		<difficult>0</difficult>
		<bndbox>
			<xmin>1058</xmin>
			<ymin>1687</ymin>
			<xmax>1265</xmax>
			<ymax>1747</ymax>
		</bndbox>
	</object>
</annotation>
