<annotation>
	<folder>images</folder>
	<filename>image2.png</filename>
	<path>image2.png</path>
	<source>
		<database>Unknown</database>
	</source>
	<size>
		<width>1440</width>
		<height>1422</height>
		<depth>3</depth>
	</size>
	<segmented>0</segmented>
	<object>
		<name>following</name>
		<pose>Unspecified</pose>
		<truncated>0</truncated>
		<difficult>0</difficult>
		<bndbox>
			<xmin>1096</xmin>
			<ymin>26</ymin>
			<xmax>1300</xmax>
			<ymax>89</ymax>
		</bndbox>
	</object>
	<object>
		<name>following</name>
		<pose>Unspecified</pose>
		<truncated>0</truncated>
		<difficult>0</difficult>
		<bndbox>
			<xmin>1096</xmin>
			<ymin>841</ymin>
			<xmax>1300</xmax>
			<ymax>904</ymax>
		</bndbox>
	</object>
	<object>
		<name>following</name>
		<pose>Unspecified</pose>
		<truncated>0</truncated>
		<difficult>0</difficult>
		<bndbox>
			<xmin>1097</xmin>
			<ymin>599</ymin>
			<xmax>1301</xmax>
			<ymax>662</ymax>
		</bndbox>
	</object>
	<object>
		<name>following</name>
		<pose>Unspecified</pose>
		<truncated>0</truncated>
		<difficult>0</difficult>
		<bndbox>
			<xmin>1098</xmin>
			<ymin>394</ymin>
			<xmax>1302</xmax>
			<ymax>457</ymax>
		</bndbox>
	</object>
	<object>
		<name>following</name>
		<pose>Unspecified</pose>
		<truncated>0</truncated>
		<difficult>0</difficult>
		<bndbox>
			<xmin>1099</xmin>
			<ymin>229</ymin>
			<xmax>1303</xmax>
			<ymax>292</ymax>
		</bndbox>
	</object>
	<object>
		<name>following</name>
		<pose>Unspecified</pose>
		<truncated>0</truncated>
		<difficult>0</difficult>
		<bndbox>
			<xmin>1098</xmin>
			<ymin>1006</ymin>
			<xmax>1302</xmax>
			<ymax>1069</ymax>
		</bndbox>
	</object>
	<object>
		<name>following</name>
		<pose>Unspecified</pose>
		<truncated>0</truncated>
		<difficult>0</difficult>
		<bndbox>
			<xmin>1097</xmin>
			<ymin>1211</ymin>
			<xmax>1301</xmax>
			<ymax>1274</ymax>
		</bndbox>
	</object>
	<object>
		<name>following</name>
		<pose>Unspecified</pose>
		<truncated>1</truncated>
		<difficult>0</difficult>
		<bndbox>
			<xmin>1095</xmin>
			<ymin>1377</ymin>
			<xmax>1303</xmax>
			<ymax>1422</ymax>
		</bndbox>
	</object>
</annotation>
